{
  "store_name":"متجر هدايا",
  "latest_products":"أحدثث المنتجات",
  "slide_title_1":"مرحبا بكم في متجرنا للهدايا",
  "slide_des_1":"لا يرفض البعض أن يتابع اللقاء ، فالشيء المربوط بعائق ما ، فالنتيجة لن تكون حاجات الخطأ فلا فرق بين غير مائع بما يكفي لترتفع.",
  "contact_us":"تواصل معنا",
  "menu_home":"الرئيسية",
  "menu_shop":"المنتجات",
  "menu_about_us":"من نحن",
  "page_not_found":"لم يتم إيجاد الصفحة",
  "product_price_vat_inclusive":"معفي من الضريبة",
  "product_sku":"رمز المنتج",
  "product_share":"شارك المنتج",
  "product_description":"الوصف",
  "product_product_readmore":"المزيد",
  "add_to_cart":"اضف للسلة",
  "login":"تسجيل دخول",
  "profile":"حسابي",
  "go_to_all_products": "الذهاب الي جميع المنتجات",
  "promotion_image_title":"وريم ايبسوم ",
  "promotion_image_des":"وريم ايبسوم هو نموذج افتراضي يوضع في التصاميم لتعرض على العميل ليتصور طريقه وضع النصوص بالتصاميم سواء كانت تصاميم مطبوعه ... بروشور او فلاير على سبيل المثال ... او نماذج مواقع انترنت",
  "buy_now":"اشتر الان",
  "more":"المزيد",
  "why_shop_us":"متجرنا يتميز ب",
  "best_quality":"الجودة الأفضل",
  "free_shipping":"الشحن المجاني",
  "fast_delivery":"التوصيل السريع",
  "why_us_des":"لوريم ايبسوم هو نموذج افتراضي يوضع في التصاميم",
  "name":"الإسم",
  "email":"البريد الإلكتروني",
  "phone":"رقم الجوال",
  "message":"الرسالة",
  "send":"إرسال",
  "testimonial":"أراء العملاء",
  "testimonial_user_1":"محمد باصديق",
  "testimonial_user_2":"الشيخ محمد باصديق",
  "testimonial_user_3":"محمد باصديق الأصلي",
  "testimonial_user_1_media":"عبر تويتر",
  "testimonial_user_2_media":"عبر انستقرام",
  "testimonial_user_3_media":"عبر سناب",
  "testimonial_message":"وريم ايبسوم هو نموذج افتراضي يوضع في التصاميم لتعرض على العميل ليتصور طريقه وضع النصوص بالتصاميم سواء كانت تصاميم مطبوعه ... بروشور او فلاير على سبيل المثال ... او نماذج مواقع انترنت",
  "next":"التالي",
  "previous":"السابق",
  "footer_lurem":"وريم ايبسوم هو نموذج افتراضي يوضع في التصاميم لتعرض على العميل ليتصور طريقه وضع النصوص بالتصاميم سواء كانت تصاميم مطبوعه ... بروشور ",
  "need_help":"تحتاج الي مساعدة",
  "contact_us_street":"شارع محمد بن منيخر حي الحمرا",
  "newsletter":"النشرة البريدية",
  "subscribe":"إشترك",
  "copyrights":"جميع الحقوق محفوطة ل",
  "languageSw":"English",
  "latest_categories": "احدث التصنيفات"
}
