{
  "store_name":"gift store",
  "latest_products":"Latest products",
  "slide_title_1":"Welcome To Our Gift Shop",
  "slide_des_1":"Sequi perspiciatis nulla reiciendis, rem, tenetur impedit, eveniet non necessitatibus error distinctio mollitia suscipit.",
  "contact_us":"Contact us",
  "menu_home":"Home",
  "menu_shop":"Shop",
  "menu_about_us":"About us",
  "page_not_found":"Page not found",
  "product_price_vat_inclusive":"vat included",
  "product_sku":"product sku",
  "product_share":"share product",
  "product_description":"product description",
  "product_product_readmore":"product_readmore",
  "add_to_cart":"add to cart",
  "login":"Login",
  "profile":"Profile",
  "go_to_all_products": "view all products",
  "promotion_image_title":"Lorem Ipsum",
  "promotion_image_des":"is simply dummy text of the printing and typesetting industry. Lorem Ipsum has been the industry's standard dummy text ever since the 1500s,",
  "buy_now":"Buy now",
  "more":"More",
  "why_shop_us":"Why shop with Us",
  "best_quality":"Best quality",
  "free_shipping":"Free shipping",
  "fast_delivery":"Fast delivery",
  "why_us_des":"variations of passages of Lorem Ipsum available",
  "name":"Name",
  "email":"Email",
  "phone":"Phone",
  "message":"Message",
  "send":"Send",
  "testimonial":"Testimonial",
  "testimonial_user_1":"Mohammed basiddeq",
  "testimonial_user_2":"Mohammed basiddeq",
  "testimonial_user_3":"Mohammed basiddeq",
  "testimonial_user_1_media":"twitter",
  "testimonial_user_2_media":"instagram",
  "testimonial_user_3_media":"snapchat",
  "testimonial_message":"is simply dummy text of the printing and typesetting industry. Lorem Ipsum has been the industry's standard dummy text ever since the 1500s",
  "next":"Next",
  "previous":"Previous",
  "footer_lurem":"is simply dummy text of the printing and typesetting industry. Lorem Ipsum has been the industry's standard dummy text",
  "need_help":"Need help",
  "contact_us_street":"Street mohammed bin mionaiker, Al-hamra district",
  "newsletter":"Newsletter",
  "subscribe":"Subscribe",
  "copyrights":"All Rights Reserved By",
  "languageSw":"العربية",
  "latest_categories": "Latest categories"
}
